fold,draw,kind,subtype,test_n,ibs_pooled,ibs_independent,pooled_minus_independent
0,0,real,amp1q,67,0.17478861347002428,0.17581016321799395,-0.001021549747969669
0,0,real,del1p,25,0.13546836719307026,0.12947771411875159,0.005990653074318675
0,0,real,del13q,94,0.13372047100019954,0.14131762052011124,-0.0075971495199116945
0,0,real,del17p,20,0.14741025932762247,0.2226311935639454,-0.07522093423632292
0,0,real,hyperdiploid,114,0.13771317795372245,0.15095943022446606,-0.013246252270743608
0,1,flipped,amp1q,73,0.16546636093901476,0.1606743045181064,0.004792056420908353
0,1,flipped,del1p,70,0.17653512489201081,0.20332131020794653,-0.026786185315935712
0,1,flipped,del13q,87,0.12462853074590326,0.13547655287047689,-0.010848022124573628
0,1,flipped,del17p,41,0.13898149580545793,0.15998378115456813,-0.021002285349110195
0,1,flipped,hyperdiploid,110,0.1272532395641277,0.1257981282668698,0.001455111297257894
0,2,flipped,amp1q,82,0.14987687265196228,0.1428077219456838,0.007069150706278476
0,2,flipped,del1p,68,0.15584982106581918,0.1862257642038615,-0.030375943138042316
0,2,flipped,del13q,83,0.1266690406663788,0.13153094975441396,-0.00486190908803516
0,2,flipped,del17p,42,0.14063741552125603,0.15781975004407123,-0.0171823345228152
0,2,flipped,hyperdiploid,113,0.13428238040173024,0.1433762685862982,-0.009093888184567966
0,3,flipped,amp1q,97,0.14156264912357597,0.13844970478258353,0.003112944340992435
0,3,flipped,del1p,68,0.11305270253562043,0.11680219457450404,-0.0037494920388836117
0,3,flipped,del13q,87,0.13546720494589642,0.13979517341565537,-0.0043279684697589416
0,3,flipped,del17p,28,0.12840659441741448,0.20335649667684272,-0.07494990225942824
0,3,flipped,hyperdiploid,116,0.1673857140128405,0.18006886381475024,-0.012683149801909738
0,4,flipped,amp1q,77,0.18644389382965906,0.16945665084781011,0.01698724298184895
0,4,flipped,del1p,64,0.16649032604083716,0.18026237421026173,-0.013772048169424567
0,4,flipped,del13q,87,0.1480429982592963,0.14631622618886586,0.0017267720704304268
0,4,flipped,del17p,36,0.111276900836885,0.16816956092868465,-0.05689266009179965
0,4,flipped,hyperdiploid,111,0.15509831873043542,0.16649461289598244,-0.011396294165547022
0,5,flipped,amp1q,83,0.13695626858530832,0.1356184209847596,0.001337847600548725
0,5,flipped,del1p,67,0.12469467784289871,0.13311273550650843,-0.008418057663609715
0,5,flipped,del13q,91,0.1553564877366557,0.15466070184387914,0.0006957858927765515
0,5,flipped,del17p,36,0.13098997751947672,0.17029492702016527,-0.03930494950068855
0,5,flipped,hyperdiploid,110,0.12910563149013807,0.14349677762671495,-0.014391146136576882
0,6,flipped,amp1q,77,0.10026363793523699,0.1055694852269444,-0.005305847291707411
0,6,flipped,del1p,61,0.142560071457177,0.14438220625000614,-0.0018221347928291387
0,6,flipped,del13q,85,0.14965620617350986,0.1695993375176602,-0.01994313134415035
0,6,flipped,del17p,34,0.18094171086962646,0.2086074988593479,-0.02766578798972144
0,6,flipped,hyperdiploid,110,0.1479716936243553,0.16409393506614206,-0.016122241441786755
0,7,flipped,amp1q,83,0.11919926201055214,0.12942416568610973,-0.01022490367555759
0,7,flipped,del1p,64,0.15031180924610646,0.14108394478623654,0.009227864459869922
0,7,flipped,del13q,100,0.14848622448335658,0.15478954633306635,-0.006303321849709775
0,7,flipped,del17p,38,0.12304123659309774,0.16275278084961847,-0.03971154425652074
0,7,flipped,hyperdiploid,113,0.13666866973314198,0.15664037866169425,-0.019971708928552268
0,8,flipped,amp1q,72,0.15222826175762036,0.15928132258394312,-0.00705306082632276
0,8,flipped,del1p,63,0.12498423398083926,0.13783123705861322,-0.012847003077773964
0,8,flipped,del13q,95,0.12720707248034743,0.13139813419298,-0.00419106171263256
0,8,flipped,del17p,36,0.12159559503926338,0.14272019690886648,-0.02112460186960309
0,8,flipped,hyperdiploid,109,0.14135221612087792,0.1453321671222544,-0.003979951001376492
0,9,flipped,amp1q,82,0.15524267334007377,0.15154695427726012,0.003695719062813657
0,9,flipped,del1p,65,0.11207481521934072,0.1285145220774329,-0.016439706858092193
0,9,flipped,del13q,93,0.13243410802435662,0.1374197835629489,-0.004985675538592277
0,9,flipped,del17p,38,0.1560002935632967,0.14393456315926803,0.012065730404028668
0,9,flipped,hyperdiploid,112,0.1336258000013233,0.13678108712658363,-0.0031552871252603365
0,10,flipped,amp1q,75,0.15117661282895742,0.16131500703993382,-0.010138394210976398
0,10,flipped,del1p,76,0.11167752368494774,0.12179948617553549,-0.01012196249058775
0,10,flipped,del13q,89,0.14126306149202292,0.15185193462406663,-0.010588873132043708
0,10,flipped,del17p,30,0.14316591838695103,0.2149561471183284,-0.07179022873137736
0,10,flipped,hyperdiploid,107,0.14167743256438642,0.1451991458050401,-0.0035217132406536733
0,11,flipped,amp1q,80,0.156613243195613,0.1506774791360914,0.00593576405952162
0,11,flipped,del1p,66,0.12700975733145675,0.11739619185328468,0.009613565478172076
0,11,flipped,del13q,96,0.12652120939303635,0.12984517356907668,-0.003323964176040334
0,11,flipped,del17p,35,0.14452036755212733,0.16945226134084138,-0.02493189378871405
0,11,flipped,hyperdiploid,109,0.13897156602979313,0.15560110809199476,-0.01662954206220163
0,12,flipped,amp1q,76,0.153172751591853,0.16058800480512297,-0.007415253213269968
0,12,flipped,del1p,63,0.13824620845980962,0.1428031688039666,-0.0045569603441569795
0,12,flipped,del13q,86,0.1434280380839616,0.15285363770020335,-0.009425599616241759
0,12,flipped,del17p,37,0.16935177460396234,0.17550892499773413,-0.006157150393771793
0,12,flipped,hyperdiploid,112,0.14397688744320652,0.1705312851242372,-0.026554397681030684
0,13,flipped,amp1q,83,0.14541951735990516,0.1541455714522183,-0.00872605409231314
0,13,flipped,del1p,58,0.12168746092850449,0.11234470876001729,0.009342752168487206
0,13,flipped,del13q,92,0.11561348546511989,0.1281513439031768,-0.012537858438056923
0,13,flipped,del17p,40,0.13316402268588093,0.13961563172506938,-0.006451609039188455
0,13,flipped,hyperdiploid,108,0.151298732980931,0.1620267794013525,-0.010728046420421494
0,14,flipped,amp1q,81,0.15035613250934202,0.1376762369811921,0.01267989552814991
0,14,flipped,del1p,61,0.10567114996068623,0.09333276410598247,0.01233838585470376
0,14,flipped,del13q,87,0.17252470504759976,0.17570533469058258,-0.003180629642982824
0,14,flipped,del17p,43,0.08942248699710566,0.12043191561039249,-0.03100942861328683
0,14,flipped,hyperdiploid,112,0.14717030340794776,0.15880623423794182,-0.011635930829994062
0,15,flipped,amp1q,90,0.18439577288797998,0.1780518535176551,0.006343919370324885
0,15,flipped,del1p,67,0.14563725781825038,0.1518373929726476,-0.006200135154397213
0,15,flipped,del13q,95,0.15066914748019766,0.1438107970743915,0.006858350405806152
0,15,flipped,del17p,44,0.1313293781036084,0.13542037565337628,-0.004090997549767883
0,15,flipped,hyperdiploid,106,0.13397955441779796,0.1386665396960902,-0.004686985278292227
1,0,real,amp1q,58,0.1720586928210196,0.15664541236129584,0.01541328045972376
1,0,real,del1p,32,0.1739616894007908,0.15268848908821397,0.021273200312576818
1,0,real,del13q,94,0.18249076993998148,0.1865106000101774,-0.004019830070195934
1,0,real,del17p,19,0.22347876056003307,0.21548258281336394,0.007996177746669136
1,0,real,hyperdiploid,121,0.13440540279474225,0.14083445504481282,-0.006429052250070566
1,1,flipped,amp1q,68,0.134246651806183,0.13898529126002376,-0.0047386394538407595
1,1,flipped,del1p,70,0.1279306734897069,0.1385327792951134,-0.010602105805406492
1,1,flipped,del13q,88,0.17553801398284186,0.18153647053038605,-0.00599845654754419
1,1,flipped,del17p,40,0.15600808311321537,0.17791431497273644,-0.021906231859521064
1,1,flipped,hyperdiploid,110,0.11900867829974811,0.1287990204818284,-0.009790342182080289
1,2,flipped,amp1q,79,0.16748787549149508,0.16681741049535614,0.0006704649961389308
1,2,flipped,del1p,70,0.09311214546289856,0.09175604064568381,0.001356104817214751
1,2,flipped,del13q,85,0.14154384727890285,0.1366462417926788,0.004897605486224033
1,2,flipped,del17p,31,0.1874176418730632,0.19680246237803017,-0.009384820504966973
1,2,flipped,hyperdiploid,122,0.13005283589672997,0.13596828387370563,-0.005915447976975657
1,3,flipped,amp1q,80,0.13539869764606088,0.12681604134005225,0.00858265630600863
1,3,flipped,del1p,67,0.1499789289123791,0.14145323236141943,0.008525696550959666
1,3,flipped,del13q,78,0.12051351035251776,0.11913845901764115,0.0013750513348766008
1,3,flipped,del17p,45,0.16919509592855644,0.16692539927680292,0.0022696966517535277
1,3,flipped,hyperdiploid,113,0.14840804043186473,0.15540964616233272,-0.007001605730467986
1,4,flipped,amp1q,87,0.12583477836511736,0.12212821972277219,0.0037065586423451757
1,4,flipped,del1p,59,0.14851448760064972,0.15413763454658594,-0.005623146945936214
1,4,flipped,del13q,88,0.17329455151944564,0.1728172173793622,0.00047733414008344077
1,4,flipped,del17p,30,0.18463064191745338,0.20625842780330045,-0.021627785885847073
1,4,flipped,hyperdiploid,114,0.12941549166693025,0.13124877651606126,-0.001833284849131006
1,5,flipped,amp1q,74,0.13530650173784387,0.12824694731163214,0.007059554426211728
1,5,flipped,del1p,63,0.12001037922481492,0.11627566975215778,0.0037347094726571384
1,5,flipped,del13q,88,0.15219392047947244,0.15594575464548563,-0.003751834166013185
1,5,flipped,del17p,34,0.18179361783285902,0.21504088338626196,-0.03324726555340293
1,5,flipped,hyperdiploid,116,0.12887879478675918,0.1299044907503212,-0.0010256959635620289
1,6,flipped,amp1q,81,0.1324687980206664,0.12552920412350757,0.006939593897158841
1,6,flipped,del1p,69,0.1331116871113615,0.13798064138098223,-0.004868954269620723
1,6,flipped,del13q,88,0.15539955424475263,0.16996071987221725,-0.014561165627464623
1,6,flipped,del17p,43,0.1290897637208235,0.14756064049261866,-0.018470876771795153
1,6,flipped,hyperdiploid,114,0.12430121961091653,0.12569762047408956,-0.0013964008631730251
1,7,flipped,amp1q,81,0.16254914263962789,0.15938258897532812,0.0031665536642997705
1,7,flipped,del1p,73,0.14765411169308104,0.16501427755835815,-0.01736016586527711
1,7,flipped,del13q,86,0.1507893793891086,0.1530372220953625,-0.0022478427062538886
1,7,flipped,del17p,34,0.1959526542135767,0.20408393562816962,-0.008131281414592934
1,7,flipped,hyperdiploid,115,0.13628150914361423,0.13728592311937346,-0.001004413975759233
1,8,flipped,amp1q,78,0.16417179254237527,0.16252565062120333,0.0016461419211719341
1,8,flipped,del1p,57,0.151800764412604,0.14266474282671243,0.00913602158589158
1,8,flipped,del13q,92,0.18094809688773147,0.1751896298517059,0.005758467036025561
1,8,flipped,del17p,34,0.18010355821895838,0.19000591756151558,-0.009902359342557204
1,8,flipped,hyperdiploid,116,0.1386780543912582,0.14626444035596625,-0.0075863859647080645
1,9,flipped,amp1q,72,0.10625873837751255,0.11197038387331935,-0.0057116454958068
1,9,flipped,del1p,64,0.1120198826675912,0.11555320628775882,-0.0035333236201676166
1,9,flipped,del13q,101,0.1405400691079379,0.1345753356290991,0.005964733478838802
1,9,flipped,del17p,33,0.1410884790062415,0.14173782111966154,-0.0006493421134200483
1,9,flipped,hyperdiploid,117,0.1452428893521005,0.15718694652103385,-0.011944057168933347
1,10,flipped,amp1q,82,0.1958053421462027,0.20283336319383574,-0.007028021047633032
1,10,flipped,del1p,69,0.1377100356436444,0.16170982894951136,-0.023999793305866962
1,10,flipped,del13q,99,0.12322375927452814,0.12158937116771286,0.0016343881068152794
1,10,flipped,del17p,34,0.1797030415074821,0.17201599624621336,0.007687045261268732
1,10,flipped,hyperdiploid,122,0.12933854076760046,0.13493477226854184,-0.005596231500941379
1,11,flipped,amp1q,79,0.15836148688368543,0.15785592340800172,0.0005055634756837013
1,11,flipped,del1p,63,0.13654132057670723,0.15071555129464073,-0.0141742307179335
1,11,flipped,del13q,91,0.16014797725161511,0.1775611965838673,-0.017413219332252178
1,11,flipped,del17p,34,0.18667416123013067,0.23315993636253896,-0.046485775132408286
1,11,flipped,hyperdiploid,111,0.14053160067623616,0.14692634068514734,-0.006394740008911187
1,12,flipped,amp1q,74,0.1672066418288292,0.15664255736422628,0.010564084464602913
1,12,flipped,del1p,69,0.17099139442035563,0.18358655971816415,-0.01259516529780852
1,12,flipped,del13q,95,0.15168367675435102,0.1610921981205284,-0.009408521366177397
1,12,flipped,del17p,38,0.15572341842409176,0.210034377107412,-0.054310958683320226
1,12,flipped,hyperdiploid,114,0.14103943131971963,0.14684965016821286,-0.005810218848493226
1,13,flipped,amp1q,68,0.18071338538422885,0.1763664405381509,0.004346944846077949
1,13,flipped,del1p,64,0.10028192462661845,0.1087412280942663,-0.008459303467647852
1,13,flipped,del13q,97,0.1484436969913591,0.15678181739388147,-0.008338120402522381
1,13,flipped,del17p,25,0.19607671487390532,0.19742199821587136,-0.0013452833419660415
1,13,flipped,hyperdiploid,110,0.14485369023219266,0.15159962035635682,-0.006745930124164162
1,14,flipped,amp1q,83,0.1406490026881719,0.1424561434756827,-0.0018071407875107914
1,14,flipped,del1p,66,0.10150082506772304,0.10409436880550085,-0.0025935437377778148
1,14,flipped,del13q,88,0.14063677537404462,0.14652146827879922,-0.0058846929047546015
1,14,flipped,del17p,33,0.15862867637655478,0.19353242440917304,-0.034903748032618254
1,14,flipped,hyperdiploid,123,0.14578425596093791,0.1519215051993031,-0.006137249238365172
1,15,flipped,amp1q,82,0.18543108849049472,0.18305531858185511,0.002375769908639608
1,15,flipped,del1p,62,0.11536067823278913,0.12374184279287703,-0.008381164560087903
1,15,flipped,del13q,95,0.16927036222612835,0.17759782317694017,-0.008327460950811827
1,15,flipped,del17p,42,0.15652327189917478,0.2349881527948598,-0.07846488089568501
1,15,flipped,hyperdiploid,125,0.1556533766118096,0.16235534695344989,-0.006701970341640273
2,0,real,amp1q,68,0.10517533051038588,0.10302632572874512,0.002149004781640762
2,0,real,del1p,27,0.17776880718340982,0.16867613751784705,0.00909266966556277
2,0,real,del13q,92,0.12183582288771505,0.1268515897826633,-0.005015766894948259
2,0,real,del17p,33,0.16994801725626477,0.2107661618068389,-0.04081814455057414
2,0,real,hyperdiploid,116,0.10532603933075063,0.10569915390387193,-0.00037311457312129426
2,1,flipped,amp1q,87,0.11534421720706368,0.12205118338457009,-0.006706966177506407
2,1,flipped,del1p,56,0.10221000566057212,0.11546058050365572,-0.013250574843083604
2,1,flipped,del13q,88,0.11079430710630297,0.11677302282413266,-0.00597871571782968
2,1,flipped,del17p,49,0.14844908409251523,0.172066389703652,-0.023617305611136785
2,1,flipped,hyperdiploid,115,0.11253277416836913,0.11526310777786768,-0.0027303336094985503
2,2,flipped,amp1q,81,0.11810502587612855,0.11408693804803405,0.004018087828094499
2,2,flipped,del1p,66,0.11231471710785054,0.12502355257786754,-0.012708835470017
2,2,flipped,del13q,102,0.11483984500523324,0.11791505382749412,-0.0030752088222608803
2,2,flipped,del17p,48,0.13746122552482448,0.14457312906609052,-0.007111903541266035
2,2,flipped,hyperdiploid,110,0.10788282913182369,0.10681645356004224,0.00106637557178145
2,3,flipped,amp1q,82,0.10582000414013443,0.10542457820811435,0.00039542593202007703
2,3,flipped,del1p,65,0.09880648575014361,0.10059987026100216,-0.001793384510858545
2,3,flipped,del13q,90,0.1047828386298695,0.10940805116018446,-0.004625212530314948
2,3,flipped,del17p,46,0.14250848369739888,0.13046425723687954,0.012044226460519336
2,3,flipped,hyperdiploid,107,0.08376475850402487,0.08435459700600655,-0.0005898385019816738
2,4,flipped,amp1q,77,0.11015864958689932,0.11041962895631906,-0.0002609793694197393
2,4,flipped,del1p,69,0.1389074461352693,0.13830119583940886,0.0006062502958604499
2,4,flipped,del13q,84,0.11720413277420758,0.12292195565782876,-0.0057178228836211875
2,4,flipped,del17p,42,0.12288352095998341,0.12265838348730208,0.0002251374726813249
2,4,flipped,hyperdiploid,115,0.1039467099405504,0.10759305903152282,-0.0036463490909724172
2,5,flipped,amp1q,81,0.10097895629965792,0.09930325314097883,0.0016757031586790844
2,5,flipped,del1p,50,0.13662147006532852,0.1470948792837874,-0.010473409218458879
2,5,flipped,del13q,95,0.0925859369685144,0.09200825517302627,0.0005776817954881303
2,5,flipped,del17p,48,0.12582132309255686,0.11769214618658275,0.008129176905974117
2,5,flipped,hyperdiploid,104,0.09985374677713006,0.1008794457466617,-0.001025698969531641
2,6,flipped,amp1q,78,0.09929384050272222,0.10684229764545816,-0.007548457142735943
2,6,flipped,del1p,66,0.14684382626856762,0.1630191015691908,-0.016175275300623182
2,6,flipped,del13q,91,0.11170129375484317,0.11315266989389436,-0.0014513761390511914
2,6,flipped,del17p,39,0.16946981330245076,0.15882807429215984,0.010641739010290918
2,6,flipped,hyperdiploid,105,0.11627443810134641,0.11404337619795295,0.0022310619033934637
2,7,flipped,amp1q,69,0.08651956786513995,0.08432327824752102,0.0021962896176189323
2,7,flipped,del1p,66,0.09309655064296483,0.08718612039040878,0.005910430252556054
2,7,flipped,del13q,102,0.08842087127726489,0.09164041093834734,-0.003219539661082446
2,7,flipped,del17p,40,0.16177954408576375,0.1857566914633307,-0.023977147377566954
2,7,flipped,hyperdiploid,113,0.10004587448702923,0.10077827979680734,-0.0007324053097781114
2,8,flipped,amp1q,93,0.10454940294485587,0.1039622304403435,0.0005871725045123732
2,8,flipped,del1p,69,0.09277120353626432,0.11303650468302029,-0.020265301146755968
2,8,flipped,del13q,89,0.13880554889400004,0.1471166093738443,-0.008311060479844257
2,8,flipped,del17p,46,0.18310731911427508,0.17935992767303394,0.0037473914412411435
2,8,flipped,hyperdiploid,104,0.09960017893912597,0.10388568408900545,-0.004285505149879479
2,9,flipped,amp1q,72,0.11092611910650976,0.10978711662601184,0.0011390024804979193
2,9,flipped,del1p,64,0.11428040015357405,0.11952708582221507,-0.0052466856686410185
2,9,flipped,del13q,93,0.13111579524834585,0.13084913898268752,0.00026665626565833267
2,9,flipped,del17p,46,0.17348898446869873,0.19031339888174922,-0.016824414413050492
2,9,flipped,hyperdiploid,109,0.11905589097772959,0.11869194041523345,0.0003639505624961348
2,10,flipped,amp1q,83,0.12012283192744225,0.11566729980692105,0.004455532120521202
2,10,flipped,del1p,69,0.09907578601118543,0.09833027526083599,0.0007455107503494401
2,10,flipped,del13q,77,0.10735456630325665,0.10880999539531881,-0.0014554290920621576
2,10,flipped,del17p,44,0.14999260082617893,0.16169863806431764,-0.011706037238138706
2,10,flipped,hyperdiploid,112,0.10325090313251764,0.10166359766556407,0.0015873054669535702
2,11,flipped,amp1q,85,0.10618618644153555,0.11262179783052079,-0.006435611388985241
2,11,flipped,del1p,56,0.10060697237831914,0.10870673751034074,-0.008099765132021597
2,11,flipped,del13q,87,0.10334045582427032,0.10908917776173464,-0.005748721937464327
2,11,flipped,del17p,46,0.16961147119831246,0.19659188822503554,-0.026980417026723075
2,11,flipped,hyperdiploid,123,0.09806478917349211,0.09837201500782967,-0.00030722583433756556
2,12,flipped,amp1q,80,0.11469527285603844,0.11585499774483245,-0.0011597248887940115
2,12,flipped,del1p,73,0.13070275536943657,0.14626601291994074,-0.015563257550504167
2,12,flipped,del13q,87,0.1250611808011215,0.1252086850177092,-0.00014750421658771273
2,12,flipped,del17p,53,0.11786237671850472,0.14564070134789248,-0.027778324629387757
2,12,flipped,hyperdiploid,111,0.10591140250143838,0.10572196673456374,0.00018943576687463493
2,13,flipped,amp1q,85,0.10036848484315433,0.0959197662903758,0.0044487185527785356
2,13,flipped,del1p,62,0.10884868388751985,0.10994616822381643,-0.0010974843362965836
2,13,flipped,del13q,112,0.1127590977398833,0.11763720301503675,-0.004878105275153449
2,13,flipped,del17p,50,0.13788952531700607,0.15407592970071696,-0.016186404383710884
2,13,flipped,hyperdiploid,107,0.09492334804969296,0.09379859014891336,0.0011247579007796077
2,14,flipped,amp1q,81,0.12446442563113261,0.1216127808531979,0.002851644777934703
2,14,flipped,del1p,69,0.1560887418345756,0.1537666184166669,0.002322123417908717
2,14,flipped,del13q,80,0.11227658853857439,0.10671318431249786,0.0055634042260765265
2,14,flipped,del17p,43,0.14398226036569045,0.14848006087127844,-0.004497800505587984
2,14,flipped,hyperdiploid,115,0.10327681246523808,0.10075445519518401,0.0025223572700540653
2,15,flipped,amp1q,91,0.10685537838827718,0.10955821591425793,-0.0027028375259807585
2,15,flipped,del1p,63,0.1222047444554849,0.12585722493868132,-0.003652480483196413
2,15,flipped,del13q,87,0.08960905885915159,0.09259604384481193,-0.002986984985660343
2,15,flipped,del17p,45,0.12515529793097976,0.13182168646634884,-0.006666388535369078
2,15,flipped,hyperdiploid,113,0.10285325307542652,0.10382883710964715,-0.0009755840342206279
3,0,real,amp1q,76,0.10380117491614665,0.10331410872971104,0.0004870661864356113
3,0,real,del1p,47,,,
3,0,real,del13q,98,0.13785998170851327,0.1610075293590564,-0.023147547650543138
3,0,real,del17p,29,0.12034734342183016,0.11097450781093499,0.009372835610895178
3,0,real,hyperdiploid,108,0.1349890171368297,0.13364993799438993,0.0013390791424397752
3,1,flipped,amp1q,85,0.13446565915902906,0.15251548501010492,-0.018049825851075868
3,1,flipped,del1p,74,0.21910592418546945,0.2744578268151851,-0.05535190262971565
3,1,flipped,del13q,102,0.1295697570064085,0.12415561681555028,0.005414140190858216
3,1,flipped,del17p,35,0.14643434461112445,0.21546349242802534,-0.0690291478169009
3,1,flipped,hyperdiploid,107,0.13429548554273052,0.12896923726404141,0.005326248278689105
3,2,flipped,amp1q,91,0.14714040462661662,0.15382193360936078,-0.006681528982744156
3,2,flipped,del1p,85,0.16017625270796648,0.15939274671461645,0.000783505993350031
3,2,flipped,del13q,99,0.15092363198961053,0.15944851830388931,-0.008524886314278779
3,2,flipped,del17p,39,0.10125230822525087,0.09388470314846184,0.007367605076789033
3,2,flipped,hyperdiploid,106,0.12803272642632843,0.12349560917555832,0.004537117250770106
3,3,flipped,amp1q,76,0.10596659573572166,0.11049677918102369,-0.0045301834453020245
3,3,flipped,del1p,71,0.1371801803395922,0.14721944822116223,-0.01003926788157003
3,3,flipped,del13q,92,0.14152375808473155,0.16823450872403325,-0.0267107506393017
3,3,flipped,del17p,38,0.11700991288636904,0.09759372120240116,0.01941619168396788
3,3,flipped,hyperdiploid,107,0.13664893880083556,0.1356159034248052,0.0010330353760303612
3,4,flipped,amp1q,92,0.12882115856806564,0.12719714593303527,0.0016240126350303696
3,4,flipped,del1p,84,0.16196124618553234,0.17171916022290193,-0.009757914037369586
3,4,flipped,del13q,99,0.1173098293817028,0.1443956580680298,-0.027085828686326988
3,4,flipped,del17p,37,0.13211983466796512,0.13393450328268872,-0.0018146686147235969
3,4,flipped,hyperdiploid,109,0.1349744805137051,0.1369215529458893,-0.001947072432184227
3,5,flipped,amp1q,86,0.10758852526890618,0.10279742430217655,0.004791100966729633
3,5,flipped,del1p,89,0.1353241929367513,0.13170301458992062,0.003621178346830678
3,5,flipped,del13q,105,0.12082004486593503,0.13357612730778443,-0.012756082441849392
3,5,flipped,del17p,46,0.11675144448779676,0.10140100421426758,0.015350440273529178
3,5,flipped,hyperdiploid,99,0.11925737627964184,0.12189358227988968,-0.0026362060002478455
3,6,flipped,amp1q,86,0.1331993027854659,0.14322207334889817,-0.01002277056343226
3,6,flipped,del1p,70,0.16808357540391639,0.183359494403572,-0.015275918999655608
3,6,flipped,del13q,97,0.1329664250393709,0.13988241127145457,-0.006915986232083671
3,6,flipped,del17p,41,0.10721941423979597,0.10318791801883606,0.0040314962209599126
3,6,flipped,hyperdiploid,105,0.15172542103687334,0.15314370061703012,-0.0014182795801567782
3,7,flipped,amp1q,92,0.12083462363635865,0.12346641870925709,-0.0026317950728984435
3,7,flipped,del1p,77,0.15444820362840198,0.1705626876475874,-0.016114484019185416
3,7,flipped,del13q,98,0.13606082735855138,0.14860714309197579,-0.012546315733424407
3,7,flipped,del17p,48,0.10893521683432553,0.13678478857866236,-0.027849571744336832
3,7,flipped,hyperdiploid,107,0.12835170283824865,0.13087791562418943,-0.0025262127859407846
3,8,flipped,amp1q,89,0.09799225887771316,0.0991471005475096,-0.0011548416697964303
3,8,flipped,del1p,70,0.14390395420816182,0.1596793734333809,-0.01577541922521908
3,8,flipped,del13q,105,0.1282291570535492,0.1339176523047155,-0.005688495251166298
3,8,flipped,del17p,47,0.15958542491748673,0.19227080526107435,-0.03268538034358762
3,8,flipped,hyperdiploid,103,0.12500610245036295,0.12460213404449265,0.00040396840587030025
3,9,flipped,amp1q,89,0.11349285331714845,0.11465702060242311,-0.0011641672852746587
3,9,flipped,del1p,70,0.13951625958755906,0.15744033048038655,-0.017924070892827493
3,9,flipped,del13q,89,0.14204455777645272,0.1420499799576961,-5.422181243386337e-06
3,9,flipped,del17p,43,0.12076820696886888,0.10055720344264081,0.020211003526228066
3,9,flipped,hyperdiploid,106,0.14261509728847865,0.14050545128865538,0.002109645999823273
3,10,flipped,amp1q,86,0.12081458827579973,0.1357611001195592,-0.01494651184375946
3,10,flipped,del1p,65,0.13585265779858616,0.16288112346160444,-0.02702846566301828
3,10,flipped,del13q,91,0.1318233062443542,0.1520359032207625,-0.020212596976408287
3,10,flipped,del17p,52,0.1350572466898354,0.14735340724191254,-0.012296160552077134
3,10,flipped,hyperdiploid,103,0.13733990879852778,0.142229545707133,-0.004889636908605222
3,11,flipped,amp1q,79,0.10174961454151367,0.09742054740442335,0.004329067137090317
3,11,flipped,del1p,75,0.1907538738088107,0.17736833162789362,0.013385542180917087
3,11,flipped,del13q,90,0.12303114019355531,0.1281274065513229,-0.005096266357767595
3,11,flipped,del17p,36,0.12189335295361835,0.10288550028247141,0.019007852671146935
3,11,flipped,hyperdiploid,103,0.17009198087866986,0.17624378409564972,-0.006151803216979862
3,12,flipped,amp1q,87,0.18217133909474398,0.17689086307316934,0.005280476021574637
3,12,flipped,del1p,72,0.12713583323413097,0.15135311338409527,-0.0242172801499643
3,12,flipped,del13q,85,0.1425021099643836,0.15067985147115978,-0.008177741506776193
3,12,flipped,del17p,35,0.10775693426308981,0.09053356589227547,0.01722336837081434
3,12,flipped,hyperdiploid,104,0.15761092371062607,0.16119059817833353,-0.003579674467707461
3,13,flipped,amp1q,89,0.11414259993995905,0.1291349335017425,-0.014992333561783436
3,13,flipped,del1p,78,0.16611905547126757,0.17001302841305532,-0.0038939729417877544
3,13,flipped,del13q,99,0.1490850039365169,0.15858157910514953,-0.009496575168632615
3,13,flipped,del17p,50,0.09469068761394409,0.08507948371670009,0.009611203897244
3,13,flipped,hyperdiploid,103,0.14104523042114,0.13507856522570494,0.005966665195435067
3,14,flipped,amp1q,86,0.14851394838012133,0.16486391315681775,-0.016349964776696424
3,14,flipped,del1p,71,0.1533277854958137,0.17277998167270844,-0.019452196176894754
3,14,flipped,del13q,78,0.09493707646495267,0.09461470226387438,0.0003223742010782932
3,14,flipped,del17p,46,0.15703474408999593,0.1535449313412803,0.003489812748715626
3,14,flipped,hyperdiploid,111,0.12483971676564372,0.11781752618358506,0.007022190582058663
3,15,flipped,amp1q,82,0.11556253719415922,0.11240021926762313,0.0031623179265360957
3,15,flipped,del1p,73,0.18626911987322245,0.18926330051457113,-0.0029941806413486816
3,15,flipped,del13q,92,0.14413327703068643,0.15149470092389275,-0.00736142389320632
3,15,flipped,del17p,44,0.09277962931803421,0.07306567842228817,0.01971395089574604
3,15,flipped,hyperdiploid,108,0.13640406888519027,0.131197314194981,0.005206754690209259
4,0,real,amp1q,66,0.1599891558958931,0.16043172959685595,-0.000442573700962845
4,0,real,del1p,26,0.17804311544779125,0.17022631812695854,0.007816797320832708
4,0,real,del13q,96,0.13880992077060433,0.14650530567697015,-0.007695384906365815
4,0,real,del17p,16,0.09101016989190729,0.07874089111149683,0.012269278780410453
4,0,real,hyperdiploid,108,0.12902494107512782,0.13323964994733578,-0.004214708872207956
4,1,flipped,amp1q,71,0.1284842039849787,0.12772533100022537,0.0007588729847533282
4,1,flipped,del1p,66,0.11934784320347097,0.11879840689968986,0.0005494363037811117
4,1,flipped,del13q,87,0.11147881463871569,0.11255760040799521,-0.0010787857692795277
4,1,flipped,del17p,36,0.12384160090771194,0.15055387807192971,-0.02671227716421777
4,1,flipped,hyperdiploid,100,0.1321133669174598,0.13362485280148317,-0.0015114858840233614
4,2,flipped,amp1q,85,0.15023547369139398,0.15937928024735035,-0.009143806555956369
4,2,flipped,del1p,56,0.1249395124025532,0.12305462985521447,0.0018848825473387343
4,2,flipped,del13q,93,0.14225237561434276,0.17027942910218735,-0.028027053487844594
4,2,flipped,del17p,37,0.12394307729974069,0.17985866793521132,-0.055915590635470636
4,2,flipped,hyperdiploid,99,0.10749267024470521,0.10560838332365341,0.0018842869210518032
4,3,flipped,amp1q,85,0.14345222882343903,0.13979513556205705,0.0036570932613819718
4,3,flipped,del1p,58,0.14897734173980204,0.14834177706729484,0.000635564672507194
4,3,flipped,del13q,96,0.14739148638310742,0.15127251619715884,-0.0038810298140514177
4,3,flipped,del17p,32,0.10466045265997331,0.10228607054091604,0.0023743821190572723
4,3,flipped,hyperdiploid,102,0.13524941036885765,0.14262658912328954,-0.00737717875443189
4,4,flipped,amp1q,79,0.10706109601585544,0.10872922298834811,-0.0016681269724926756
4,4,flipped,del1p,63,0.10126719910259971,0.11608397472927039,-0.014816775626670678
4,4,flipped,del13q,81,0.12409971915156805,0.13329219749300988,-0.009192478341441837
4,4,flipped,del17p,26,0.08615591015175252,0.0727313221245979,0.013424588027154613
4,4,flipped,hyperdiploid,108,0.13060524167749565,0.13094526421958186,-0.00034002254208620464
4,5,flipped,amp1q,81,0.17036641625273863,0.1803463468294515,-0.00997993057671287
4,5,flipped,del1p,68,0.12460408919693963,0.13423440099761058,-0.009630311800670949
4,5,flipped,del13q,102,0.11892989280357963,0.11551336122544381,0.0034165315781358174
4,5,flipped,del17p,28,0.1986252692890091,0.2226641578037148,-0.024038888514705703
4,5,flipped,hyperdiploid,102,0.11932457538379022,0.12408771264930418,-0.004763137265513959
4,6,flipped,amp1q,67,0.1561631533527831,0.15192478372883672,0.004238369623946386
4,6,flipped,del1p,68,0.13620746667376912,0.13320800445104808,0.0029994622227210443
4,6,flipped,del13q,92,0.12025036685549033,0.12377231002708422,-0.0035219431715938915
4,6,flipped,del17p,30,0.13455230500913204,0.1375834215171466,-0.0030311165080145475
4,6,flipped,hyperdiploid,107,0.11666334594104416,0.11385363542833961,0.0028097105127045524
4,7,flipped,amp1q,76,0.1254517771070123,0.13405758943610857,-0.008605812329096268
4,7,flipped,del1p,62,0.13502838881744736,0.15912787716066298,-0.024099488343215625
4,7,flipped,del13q,91,0.14533483853760323,0.18037544396807167,-0.03504060543046844
4,7,flipped,del17p,36,0.06831076974645069,0.06398876924563167,0.004322000500819018
4,7,flipped,hyperdiploid,105,0.12496259772138378,0.12847302554045828,-0.003510427819074499
4,8,flipped,amp1q,81,0.12589972233606259,0.11811102640930571,0.007788695926756878
4,8,flipped,del1p,64,0.10932335797570171,0.10797214382837032,0.0013512141473313866
4,8,flipped,del13q,96,0.13603510945328934,0.14281846125965655,-0.006783351806367216
4,8,flipped,del17p,32,0.09119835763563601,0.07285448265694075,0.01834387497869526
4,8,flipped,hyperdiploid,106,0.1266921501703415,0.13093118722589608,-0.00423903705555459
4,9,flipped,amp1q,87,0.15003591469340308,0.14590097908401573,0.004134935609387352
4,9,flipped,del1p,59,0.19505068606308265,0.21788899231205278,-0.022838306248970125
4,9,flipped,del13q,91,0.12933590720604332,0.12914059548578585,0.00019531172025746835
4,9,flipped,del17p,40,0.1080258021921162,0.14821556487163193,-0.040189762679515725
4,9,flipped,hyperdiploid,97,0.1368577733832232,0.14764855940048904,-0.010790786017265852
4,10,flipped,amp1q,84,0.15980391602598104,0.16309778480084586,-0.0032938687748648166
4,10,flipped,del1p,62,0.13240587344133864,0.12951245624247762,0.0028934171988610202
4,10,flipped,del13q,95,0.12074203032522836,0.12505529023818493,-0.004313259912956571
4,10,flipped,del17p,39,0.12607671930107872,0.11853439401475124,0.007542325286327478
4,10,flipped,hyperdiploid,109,0.13057702843911873,0.1343093714526193,-0.0037323430135005886
4,11,flipped,amp1q,86,0.14346176255708418,0.137057665020754,0.006404097536330172
4,11,flipped,del1p,72,0.14333119252516588,0.14347172264653102,-0.00014053012136513998
4,11,flipped,del13q,89,0.12452299134230338,0.1276452399452161,-0.003122248602912714
4,11,flipped,del17p,32,0.07402347076680921,0.07402109906115158,2.371705657630563e-06
4,11,flipped,hyperdiploid,101,0.13162184827610804,0.13134619490642901,0.0002756533696790242
4,12,flipped,amp1q,74,0.14753174083490272,0.158722732232704,-0.011190991397801275
4,12,flipped,del1p,62,0.12746448577177547,0.1276835705068819,-0.00021908473510642845
4,12,flipped,del13q,102,0.11014852763580839,0.12097934509538186,-0.010830817459573469
4,12,flipped,del17p,32,0.07249528471491291,0.08372771469544875,-0.011232429980535835
4,12,flipped,hyperdiploid,105,0.13201825081305055,0.13636106089328143,-0.00434281008023088
4,13,flipped,amp1q,80,0.1148244138770422,0.11830237244213684,-0.003477958565094641
4,13,flipped,del1p,57,0.12082897384621463,0.12636042454939883,-0.005531450703184199
4,13,flipped,del13q,82,0.15885492495095743,0.16836519436937208,-0.009510269418414652
4,13,flipped,del17p,32,0.14122374918977235,0.12639143051209967,0.014832318677672679
4,13,flipped,hyperdiploid,101,0.12442910129628702,0.12885335201604112,-0.004424250719754094
4,14,flipped,amp1q,75,0.11807280686386977,0.12270574612883611,-0.004632939264966343
4,14,flipped,del1p,66,0.12409552038738361,0.11520600687397518,0.008889513513408429
4,14,flipped,del13q,91,0.1162439245653581,0.1133585625155199,0.0028853620498382054
4,14,flipped,del17p,29,0.0739430783368746,0.07796504241799096,-0.0040219640811163665
4,14,flipped,hyperdiploid,111,0.12990129334643088,0.13496722747144493,-0.005065934125014049
4,15,flipped,amp1q,78,0.13755467873595711,0.14611187618106888,-0.00855719744511177
4,15,flipped,del1p,60,0.1628827585395015,0.14833886700914437,0.014543891530357123
4,15,flipped,del13q,97,0.13556568749210487,0.1355205742403252,4.5113251779665964e-05
4,15,flipped,del17p,37,0.08106559351014317,0.07499400722356593,0.006071586286577238
4,15,flipped,hyperdiploid,108,0.118145183964179,0.12316825074380651,-0.005023066779627508
